id,mode,expected,description
p01_seed,A,ADMIT,"matched two-H caller/callee"
p02_rename_nominal,A,ADMIT_OR_PRECISION,"nominal rename"
p03_rename_fields,A,ADMIT_OR_PRECISION,"two field renames"
p04_rename_receiver,A,ADMIT,"known direct receiver rename"
p05_alias_ptr_caller,A,ADMIT,"ptr Copy at call"
p06_alias_alloc_caller,A,ADMIT,"Allocation transfer alias"
p07_alias_domain_caller,A,ADMIT,"Domain transfer alias"
p08_alias_all_caller,A,ADMIT,"all three role aliases"
p09_alias_ptr_receiver,A,ADMIT_OR_PRECISION,"receiver pointer alias"
p10_alias_alloc_receiver,A,ADMIT_OR_PRECISION,"receiver Allocation alias"
p11_alias_domain_receiver,A,ADMIT_OR_PRECISION,"receiver Domain alias"
p12_no_receiver_reloan,A,ADMIT,"optional read loan removed"
p13_reorder_functions,A,ADMIT,"definition order swapped"
p14_unused_scalar,A,ADMIT_OR_PRECISION,"independent scalar"
p15_copied_ptr_chain,A,ADMIT_OR_PRECISION,"multi Copy ptr alias"
n01_wrong_root,A,REJECT,"wrong root"
n02_wrong_region,A,REJECT,"wrong R"
n03_wrong_domain,A,REJECT,"wrong D"
n04_wrong_root_domain,A,REJECT,"wrong root and R"
n05_wrong_root_region,A,REJECT,"wrong root governing D"
n06_wrong_both_owners,A,REJECT,"both authorities wrong"
n07_head_matched_tail_leak,A,REJECT,"tail leaks and head double owner"
n08_wrong_R_via_copy_alias,A,REJECT,"Copy ptr + head Allocation"
n09_wrong_D_via_copy_alias,A,REJECT,"Copy ptr + head Domain"
n10_double_call,A,REJECT,"same A,D reused twice"
n11_reuse_allocation,A,REJECT,"post-call consumed A"
n12_reuse_domain,A,REJECT,"post-call consumed D"
n13_post_call_stale_read,A,REJECT,"stale tail ptr reloan"
n14_post_call_stale_destroy,A,REJECT,"EndRoot repeated wrong domain"
n15_live_borrow_at_transfer,A,REJECT,"live tail ref with transfer"
n16_no_call_leaks_tail,A,REJECT,"nonCopy normal-exit leak"
n17_uncalled_invalid_receiver,A,REJECT,"invalid unused fn definition"
n18_branch_good_none_bad_some,A,REJECT_OR_PRECISION,"mixed good/bad reachable branch"
n19_branch_bad_none_good_some,A,REJECT_OR_PRECISION,"mixed good/bad reachable branch"
n20_branch_bad_first,A,REJECT_OR_PRECISION,"mixed good/bad reachable branch"
n21_branch_bad_first_flipped,A,REJECT_OR_PRECISION,"mixed good/bad reachable branch"
n22_aliased_wrong_D,A,REJECT,"wrong nonCopy Domain moved"
n23_aliased_wrong_R,A,REJECT,"wrong nonCopy region moved"
b_p01_seed_ptr_alias,B,ADMIT_OR_PRECISION,"metamorphic ptr copy from p01_seed"
b_p01_seed_affine_alias,B,ADMIT_OR_PRECISION,"metamorphic A/D move from p01_seed"
b_p02_rename_nominal_ptr_alias,B,ADMIT_OR_PRECISION,"metamorphic ptr copy from p02_rename_nominal"
b_p02_rename_nominal_affine_alias,B,ADMIT_OR_PRECISION,"metamorphic A/D move from p02_rename_nominal"
b_p03_rename_fields_ptr_alias,B,ADMIT_OR_PRECISION,"metamorphic ptr copy from p03_rename_fields"
b_p03_rename_fields_affine_alias,B,ADMIT_OR_PRECISION,"metamorphic A/D move from p03_rename_fields"
b_p12_no_receiver_reloan_ptr_alias,B,ADMIT_OR_PRECISION,"metamorphic ptr copy from p12_no_receiver_reloan"
b_p12_no_receiver_reloan_affine_alias,B,ADMIT_OR_PRECISION,"metamorphic A/D move from p12_no_receiver_reloan"
b_p13_reorder_functions_ptr_alias,B,ADMIT_OR_PRECISION,"metamorphic ptr copy from p13_reorder_functions"
b_p13_reorder_functions_affine_alias,B,ADMIT_OR_PRECISION,"metamorphic A/D move from p13_reorder_functions"
b_p14_unused_scalar_ptr_alias,B,ADMIT_OR_PRECISION,"metamorphic ptr copy from p14_unused_scalar"
b_p14_unused_scalar_affine_alias,B,ADMIT_OR_PRECISION,"metamorphic A/D move from p14_unused_scalar"
b_bad_root_sibling,B,REJECT_OR_PRECISION,"favorable sibling with wrong root"
b_bad_root_reordered,B,REJECT_OR_PRECISION,"favorable sibling and definition order wrong root"
b_bad_region_sibling,B,REJECT_OR_PRECISION,"favorable sibling with wrong region"
b_bad_region_reordered,B,REJECT_OR_PRECISION,"favorable sibling and definition order wrong region"
b_bad_domain_sibling,B,REJECT_OR_PRECISION,"favorable sibling with wrong domain"
b_bad_domain_reordered,B,REJECT_OR_PRECISION,"favorable sibling and definition order wrong domain"
